{
    "TankMenu": {
        "default": [
            {"title": "Greetings",
                "icon": "Yes",
                "text": "Hello, good luck and have fun, fellow tankers. :)",
                "chatMode": "All"
            },
            {"title": "Clan spam",
                "icon": "Support",
                "text": "{randPart}",
                "chatMode": "All",
                "variants": [
                    "Here comes the spam again..."
                ]
            },
            {"title": "Wake up!",
                "icon": "Attack",
                "text": "{randPart}",
                "chatMode": "Team",
                "variants": [
                    "Good morning base campers. The battle has started!"
                ],
                "hotKey": ["KEY_LALT", "KEY_C"]
            },
            {"title": "Back to base",
                "icon": "Backtobase",
                "text": "Back to base, please hurry!",
                "chatMode": "Team",
                "hotKey": ["KEY_LALT", "KEY_F"]
            },
            {"title": "Reloading",
                "icon": "Reload",
                "command": "RELOADINGGUN",
                "text": "Reloading at {ownPos}, for {reload} seconds.",
                "chatMode": "Team",
                "hotKey": ["KEY_LALT", "KEY_R"]
            },
            {"title": "Support Plz!",
                "icon": "Helpme",
                "text": "I desperately need support on {ownPos}!",
                "chatMode": "Team",
                "ping": "{ownPos}"
            }
        ],
        "ally": [
            {"title": "Don't rush!",
                "icon": "Stop",
                "text": "{name}, take your time, slow down and wait for backup.",
                "chatMode": "Team"
            },
            {"title": "Go!",
                "icon": "Followme",
                "text": "{name}, drive forward please.",
                "chatMode": "Team"
            },
            {"title": "Blocking!",
                "icon": "Stop",
                "text": "{name}, move your {vehicle} out of my line of fire!",
                "chatMode": "Team"
            },
            {"title": "Reloaded?",
                "icon": "Reload",
                "text": "{name}, is your {vehicle} reloaded?",
                "chatMode": "Team"
            },
            {"title": "Platoon?",
                "icon": "Yes",
                "text": "{name}, you want to platoon with me after this?",
                "chatMode": "Team"
            },
            {"title": "Too far!",
                "icon": "Turnback",
                "command": "TURNBACK",
                "text": "{name}, noone can help you! Fall back, plz!",
                "chatMode": "Team"
            }
        ],
        "enemy": [
            {"title": "Focus",
                "icon": "Support",
                "text": "Focus fire on - {vehicle} - {name}, please!",
                "chatMode": "Team"
            }
        ]
    },
    "SPGMenu": {
        "default": [
            {"title": "Aiming at..",
                "icon": "Attack",
                "text": "Aiming on {viewPos}.",
                "chatMode": "Team",
                "ping": "{viewPos}"
            },
            {"title": "Providing support!",
                "icon": "Yes",
                "text": "Providing support fire on {viewPos}!",
                "chatMode": "Team"
            },
            {"title": "Help!",
                "icon": "Helpme",
                "text": "I need a little help here!",
                "command": "HELPME",
                "chatMode": "Team",
                "ping": "{ownPos}"
            },
            {"title": "Reloading!",
                "icon": "Reload",
                "text": "Reloading for {reload} seconds.",
                "command": "RELOADINGGUN",
                "chatMode": "Team"
            },
            {"title": "Fire at...",
                "icon": "AttackSPG",
                "text": "Shooting at {viewPos}, please take care!",
                "chatMode": "Team",
                "ping": "{viewPos}"
            },
            {"title": "Out of Reach",
                "icon": "No",
                "text": "I cannot reach them there.",
                "command": "NEGATIVE",
                "chatMode": "Team"
            }
        ],
        "ally": [
            {"title": "Scout!",
                "icon": "Followme",
                "text": "{name} ({vehicle}), please provide some targets.",
                "chatMode": "Team"
            },
            {"title": "Stop!",
                "icon": "Stop",
                "text": "{name} ({vehicle}), do not go out of my range, survive!",
                "command": "STOP",
                "chatMode": "Team"
            },
            {"title": "Stand back!",
                "icon": "Turnback",
                "text": "{name} ({vehicle}), stand back a bit!",
                "chatMode": "Team",
                "command": "TURNBACK"
            },
            {"title": "Help him!",
                "icon": "Support",
                "text": "Teammate {name} ({vehicle}) is ambushed at {viewPos}, go and help him!",
                "chatMode": "Team",
                "ping": "{viewPos}"
            },
            {"title": "Reloaded?",
                "icon": "Reload",
                "text": "{name}, is your {vehicle} reloaded?",
                "chatMode": "Team"
            },
            {"title": "Bombs away!",
                "icon": "Turnback",
                "command": "TURNBACK",
                "text": "{name}, {randPart}!",
                "variants": [
                        "a package is on its way",
                        "watch out for incoming shell",
                        "try to avoid the splash"
                ],
                "chatMode": "Team"
            }
        ],
        "enemy": [
            {"title": "Targeting",
                "icon": "Yes",
                "text": "Targeting {vehicle} at {viewPos}.",
                "chatMode": "Team"
            },
            {"title": "Attacking",
                "icon": "Attack",
                "text": "Attacking {vehicle} ({name}). Hold some distance, please.",
                "chatMode": "Team"
            }
        ]
    },
    "lightTankMenu": {
        "ally": [
            {"title": "Cover!",
                "icon": "Helpme",
                "text": "{vehicle}, needs some cover fire!",
                "command": "HELPME",
                "chatMode": "Team"
            },
            {"title": "Stop!",
                "icon": "Stop",
                "text": "{name}, do not go out!",
                "command": "STOP",
                "chatMode": "Team"
            },
            {"title": "Come back!",
                "icon": "Turnback",
                "text": "{name}, please come back!",
                "chatMode": "Team",
                "command": "TURNBACK"
            },
            {"title": "Concentrate fire...",
                "icon": "Support",
                "text": "Concentrate fire on {name} in ({vehicle}) at {viewPos}!!!",
                "chatMode": "Team",
                "ping": "{viewPos}"
            },
            {"title": "Reloaded?",
                "icon": "Reload",
                "text": "{name}, is your {vehicle} reloaded?",
                "chatMode": "Team"
            },
            {"title": "Help!",
                "icon": "Helpme",
                "text": "{name} ({vehicle}), needs some help!",
                "command": "HELPME",
                "chatMode": "Team"
            }
        ],
        "enemy": [
            {"title": "Kill!",
                "icon": "Support",
                "text": "Kill {name} ({vehicle}), please!",
                "chatMode": "Team",
                "command": "SUPPORTMEWITHFIRE"
            },
            {"title": "Going for arty!",
                "icon": "Support",
                "text": "Stop {name} ({vehicle}), he is going for arty!",
                "chatMode": "Team",
                "command": "SUPPORTMEWITHFIRE"
            },
            {"title": "Priority Target!",
                "icon": "Support",
                "text": "{name} ({vehicle}) - is a dangerous player!",
                "chatMode": "Team",
                "command": "SUPPORTMEWITHFIRE"
            },
            {"title": "RIP!",
                "icon": "Yes",
                "text": "{name}, {randPart}",
                "chatMode": "All",
                "variants": [
                        "rest in pieces.",
                        "was sent back to garage...",
                        "went back to factory for refunds.",
                        "will not kill any more of us."
                ]
            },
            {"title": "I'll eat you!",
                "icon": "Attack",
                "text": "{name}, {randPart}",
                "chatMode": "All",
                "variants": [
                        "here I come!",
                        "I am gonna chew on your behind!",
                        "I wonder if you taste like chicken...",
                        "it's soo on, biatch!"
                ]
            }
        ],
        "default": [
            {"title": "Take aim!",
                "icon": "AttackSPG",
                "text": "Will spot the square {viewPos}, take aim gentlemen.",
                "command": "HELPME",
                "chatMode": "Team",
                "ping": "{viewPos}"
            },
            {"title": "Running!",
                "icon": "Turnback",
                "text": "I am getting out, this is too hot for me!",
                "chatMode": "Team"
            },
            {"title": "Got a Tail!",
                "icon": "Helpme",
                "text": "I got a tail behind me, shoot it off!",
                "command": "HELPME",
                "chatMode": "Team"
            },
            {"title": "Reloading",
                "icon": "Reload",
                "command": "RELOADINGGUN",
                "text": "Reloading at {ownPos}, for {reload} seconds.",
                "chatMode": "Team",
                "hotKey": ["KEY_LALT", "KEY_R"]
            },
            {"title": "Surrencer?",
                "icon": "Turnback",
                "text": "You guys want to surrender now?",
                "chatMode": "All"
            },
            {"title": "Spotted in bush",
                "icon": "Support",
                "text": "{randPart}",
                "chatMode": "All",
                "variants": [
                        "Come here for Cookies! Cookies!",
                        "I am taking a dump here, look away!",
                        "The eye is watching!",
                        "Now, who of you gents spotted me?"
                ]
            }
        ]
    },
    "tankSpecific": {
        "AMX_12t": "AutoloaderTank",
        "AMX_13_75": "AutoloaderTank",
        "AMX_13_90": "AutoloaderTank",
        "AMX_13_90": "AutoloaderTank",
        "AMX_50Fosh_155": "AutoloaderTank",
        "AMX_50_100": "AutoloaderTank",
        "AMX_50_120": "AutoloaderTank",
        "Lorraine40t": "AutoloaderTank",
        "Bat_Chatillon25t": "AutoloaderTank",
        "t71": "AutoloaderTank",
        "t69": "AutoloaderTank",
        "t54e1": "AutoloaderTank",
        "t57_58": "AutoloaderTank",
        "AutoloaderTank": {
            "default": [
                {"title": "Clip",
                    "icon": "Support",
                    "text": "{randPart}",
                    "chatMode": "Team",
                    "variants": [
                            "Clip loaded! Shells: {ammo}",
                            "Shells: {ammo}. Clip loaded!"
                    ]
                },
                {"title": "Reset counter!",
                    "icon": "Backtobase",
                    "text": "PLEASE go back to base to reset the cap!",
                    "command": "BACKTOBASE",
                    "chatMode": "Team"
                },
                {"title": "Help Reload!",
                    "icon": "Helpme",
                    "text": "I need some help at {ownPos}, I am reloading!",
                    "chatMode": "Team",
                    "ping": "{ownPos}"
                },
                {"title": "Reloading",
                    "icon": "Reload",
                    "text": "Reloading for {reload} seconds.",
                    "chatMode": "Team",
                    "hotKey": ["KEY_LALT", "KEY_R"]
                },
                {"title": "Thanks!",
                    "icon": "Yes",
                    "text": "Thank you!",
                    "chatMode": "Team"
                },
                {"title": "Refilling clip",
                    "icon": "Reload",
                    "command": "RELOADINGGUN",
                    "text": "Refilling my clip at {ownPos}, it will take {reload} seconds.",
                    "chatMode": "Team",
                    "hotKey": ["KEY_C"]
                }
            ]
        }
    },
    "Map_02_malinovka": {
        "default": [
            {"title": "Meds 2 Hill",
                "icon": "Attack",
                "text": "Mediums to hill, please.",
                "chatMode": "Team"
            },
            {"title": "Burn da bush",
                "icon": "Support",
                "text": "Arty, burn out the bush at {viewPos}, please.",
                "chatMode": "Team",
                "ping": "{viewPos}"
            },
            {"title": "Field rush",
                "icon": "Followme",
                "text": "Let's rush the field path gentlemen.",
                "chatMode": "Team"
            },
            {"title": "Forest defense",
                "icon": "Helpme",
                "text": "Occupy the forest and wait for \"guests\".",
                "chatMode": "Team"
            },
            {"title": "To church",
                "icon": "Helpme",
                "text": "Go to the church, we meet up there.",
                "chatMode": "Team"
            },
            {"title": "Spotted!",
                "icon": "Turnback",
                "text": "We are spotted, it's not safe to climb.",
                "chatMode": "Team"
            }
        ]
    },
    "Map_Default": {
        "default": [
            {"title": "To Hill!",
                "icon": "Attack",
                "text": "Mediums to hill, please.",
                "chatMode": "Team"
            },
            {"title": "Attention to..",
                "icon": "Support",
                "text": "Attention at {viewPos}, please.",
                "chatMode": "Team"
            },
            {"title": "Field rush",
                "icon": "Followme",
                "text": "Let's rush the field path gentlemen.",
                "chatMode": "Team"
            },
            {"title": "Forest defense",
                "icon": "Helpme",
                "text": "Let's occupy the forest and wait for \"guests\".",
                "chatMode": "Team"
            },
            {"title": "Cap later",
                "icon": "Helpme",
                "text": "Defend first, cap later.",
                "chatMode": "Team"
            },
            {"title": "Spotted!",
                "icon": "Turnback",
                "text": "I am spotted!",
                "chatMode": "Team"
            }
        ]
    },
    "hotkeyOnly": [
        {"title": "Don't do it!",
            "icon": "Stop",
            "text": "STOP! Dont go out to mess with them!",
            "chatMode": "Team",
            "hotKey": ["KEY_LALT", "KEY_1"]
        },
        {"title": "More space plz",
            "icon": "Stop",
            "text": "I can´t move properly! Please, give me more space to maneuver!",
            "chatMode": "Team",
            "hotKey": ["KEY_LALT", "KEY_2"]
        },
        {"title": "Duke Nukem",
            "icon": "Attack",
            "text": "{randPart}",
            "chatMode": "Team",
            "variants": [
                "Time to redecorate in brain matter grey!",
                "Yeah, piece of cake!",
                "Hail to the King, baby!",
                "Go ahead, make my day!",
                "Shake it, baby!",
                "Looks like it's time for me to go postal!",
                "It's time to kick ass and chew bubble gum, and I'm all outta gum! ",
                "Damn, those alien bastards are gonna pay for shooting up my ride."
            ],
            "sequentChoice": true,
            "hotKey": ["KEY_O"]
        },
        {"title": "just stupid",
            "icon": "Attack",
            "text": "{randPart}",
            "chatMode": "Team",
            "variants": [
                "Hakuna Matata",
                "Be Smart, Dont Fart!",
                "If my calculations are correct, when this baby hits 88 miles per hour, you're gonna see some serious shit.",
                "I thought we'd go for a little Bohemian Rhapsody, gentlemen?",
                "Partytime, Excellent!",
                "Catch you later, Bill and Ted.",
                "Just try to act natural.",
                "Greetings, my excellent friends"
            ],
            "hotKey": ["KEY_L"]
        }
    ]
}