﻿{
    "default": {
        "default": [
            {
                "title": "Тролл-ПРОВОКАТОР",
                "icon": "Attack",
                "text": "{randPart}",
                "chatMode": "All",
                "hotKey": ["KEY_P"],
                "variants": [
                    "Сливаться стадом, или по одному будем?",
                    "Нубы, привет!",
                    "Да прибудет с нами... НУБОСИЛА!!!",
                    "Нубы, я вас боюсь, с вами СТРАААШНО!",
                    "Отдайте меня врагам, а то у нас одни олени!",
                    "Убейте меня сразу, что бы не мучался с вами"
                ]
            },
            {
                "title": "Тролл-ПРИКОЛ",
                "icon": "Attack",
                "text": "{randPart}",
                "chatMode": "All",
                "hotKey": ["KEY_O"],
                "variants": [
                    "Трололо, Трололо я водитель НЛО :)",
                    "Меня не троллить, меня это бесит!",
                    "Экипаж сегодня пятый перк обмывает, в танке трезвые только я и дизель))",
                    "Нубил, нублю и буду нубов бить и дальше!",
                    "Я ненадолго, на пару фрагов. И пойду с жены звезду снимать! :)"
                ]
            },
            {
                "title": "Тролл-ОТВЕТЫ",
                "icon": "Attack",
                "text": "{randPart}",
                "chatMode": "All",
                "hotKey": ["KEY_I"],
                "sequentChoice": true,
                "variants": [
                    "Нубам слова не давали!",
                    "Малыш, расслабся, не пыхти ))",
                    "В монитор слюной не брызгай, замкнет! А папа новый больше не купит!",
                    "Приходи, я тебе БАРБАРИСКУ за щеку дам ))",
                    "...Сказало днище",
                    "Дуло залепи, НУП !",
                    "Убейся АП стол, нуб!",
                    "Ты заблуждаешься настолько глубоко, что заблуждаешься даже насчёт глубины своего заблуждения.",
                    "Ты думал щас ты каак скажешь, будет много крутых комментариев, все тебя будут хвалить и ты забудешь как тебя в школе обижают?",
                    "Ух ты! А РАК писать клешнёй умеет!"
                ]
            },
            {
                "title": "Перезаряжаюсь!",
                "icon": "Reload",
                "command": "RELOADINGGUN",
                "chatMode": "Team"
            },
            {
                "title": "Нужна помощь, один не справлюсь!",
                "icon": "Helpme",
                "chatMode": "Team",
                "ping": "{viewPos}",
                "hotKey": ["KEY_F7"]
            },
            {
                "title": "Атака-Продавим здесь",
                "icon": "Attack",
                "text": "Атакуем вместе- продавим здесь!",
                "chatMode": "Team",
                "ping": "{viewPos}"
            },
            {
                "title": "Перезаряжаюсь!",
                "icon": "Reload",
                "command": "RELOADINGGUN",
                "chatMode": "Team",
                "hotKey": ["KEY_C"]
            }
        ],
        "ally": [
            {
                "title": "Подсвети, я прикрою!",
                "icon": "Followme",
                "text": "{name} Подсвети, я прикрою. Заряжен, сведен - накину ему!",
                "chatMode": "Team"
            },
            {
                "title": "Гуслим Фокусим вместе!",
                "icon": "Support",
                "text": "{name} Гуслим Фокусим вместе!",
                "chatMode": "Team"
            },
            {
                "title": "Отъедь, ты мешаешь!",
                "icon": "Stop",
                "text": "{name} Отъедь, ты мешаешь! Могу зацепить тебя!",
                "chatMode": "Team"
            },
            {
                "title": "Назад, не лезь!",
                "icon": "Stop",
                "text": "{name} Назад не лезь.",
                "chatMode": "Team"
            },
            {
                "title": "Вперед, Атакуем вместе!",
                "icon": "Followme",
                "text": "{name} Вперед, Атакуем вместе!",
                "chatMode": "Team"
            },
            {
                "title": "Не подпирай!",
                "icon": "Stop",
                "text": "{name} Не подпирай!",
                "chatMode": "Team"
            }
        ],
        "enemy": [
            {
                "title": "Тролл-БЕГУЩИМ",
                "icon": "Yes",
                "text": "{name} {randPart}",
                "chatMode": "All",
                "hotKey": ["KEY_L"],
                "sequentChoice": true,
                "variants": [
                    "Не дергайся, я на тебе стату поднимаю. ;)",
                    "Бегать от меня безполезно- пойдешь в ангар уставшим ))",
                    "Двигайся, двигайся- вдруг не попаду! ;)",
                    "Бежишь не как олень, а как лань прямо:)",
                    "Куда спешишь, псих?",
                    "Стой смирно! Уважай труд моего наводчика!"
                ]
            },
            {
                "title": "Тролл-ЛИЧКА",
                "icon": "Attack",
                "text": "{name} {randPart}",
                "chatMode": "All",
                "hotKey": ["KEY_K"],
                "variants": [
                    "Олень, это ты в реплеях про нубов снимаешься? ;)",
                    "Ты почему такой трус, ты же НУБ? ;)",
                    "Не вздумай слиться- ты мне для медальки нужен! ;)",
                    "Отверни чуть башню, я тебе подзатыльник влеплю!",
                    "Смотри в мою сторону, когда я с тобой разговариваю!",
                    "Стой смирно, я тебе в люк целюсь!",
                    "У тебя на броне муха. Стой, смирно- я ее сшибу! :)",
                    "Закрой люк, голда залетит !",
                    "Тебе мехвода вынести? ;)",
                    "У тебя гусянки крепкие? А ремкомплект остался?",
                    "Ты че, компас- че дулом так крутишь?",
                    "Не спеши сливаться, дай посмаковать.",
                    "Не дергайся, я на тебе стату поднимаю. ;)",
                    "Не ори, арта тебе не поможет!",
                    "Не ссы, я сам боюсь! ;)",
                    "По стате ты вроде ПАПИК, а по игре- сынишка...ссыкунишка!"
                ]
            },
            {
                "title": "Тролл-МЕРТВЫМ",
                "icon": "Yes",
                "text": "{name} {randPart}",
                "chatMode": "All",
                "hotKey": ["KEY_J"],
                "variants": [
                    "Можешь начинать писать, какая я су.а",
                    "Иди в ангар и подумай, над своим поведением!",
                    "Спасибо тебе за мою стату!",
                    "Прости братиш, обстоятельства ))",
                    "Ты лучший нуб, которого я грохнул!",
                    "Не иди в ангар, ругай свою арту! :)"
                ]
            },
            {
                "title": "Добейте его!",
                "icon": "Support",
                "text": "Добейте {name} ({vehicle}) !",
                "chatMode": "Team"
            },
            {
                "title": "Загуслил его, Поддержите огнём! ",
                "icon": "Support",
                "text": "Загуслил ({vehicle}) Поддержите огнём!",
                "chatMode": "Team"
            },
            {
                "title": "Убью сам!",
                "icon": "Attack",
                "text": "Фокус на {name} ({vehicle})!",
                "chatMode": "Team",
                "hotKey": ["KEY_E"]
            }
        ]
    },
    "SPG": {
        "default": [
            {
                "title": "Тролл-ПРОВОКАТОР",
                "icon": "Attack",
                "text": "{randPart}",
                "chatMode": "All",
                "hotKey": ["KEY_P"],
                "variants": [
                    "Печеньки, Печеньки..",
                    "Сливаться стадом или по одному предпочитаете?",
                    "Но пасаран, засранцы!",
                    "Да прибудет с вами...НУБОСИЛА!!!",
                    "Нубы, я вас боюсь!",
                    "А у вас маркеры и стата одним цветом :) :) :)",
                    "Берите меня к себе, а то у вас одни олени!"
                ]
            },
            {
                "title": "Тролл-ПРИКОЛ",
                "icon": "Attack",
                "text": "{randPart}",
                "chatMode": "All",
                "hotKey": ["KEY_O"],
                "variants": [
                    "НУБО-СИЛА ОЛЕНЯ ПО ПОЛЮ НОСИЛА, А ВЕДЬ МАМА ПРОСИЛА -НЕ СЛИВАЙСЯ, СЫНА! :)",
                    "Меня не светить, меня это бесит!",
                    "Ща поем и буду многокнопочным! :)",
                    "Трололо, Трололо я водитель НЛО :)",
                    "У меня экипаж пятый перк обмывает, так что трезвые в танке только я и дизель ))",
                    "Повернитесь к респу передом а ко мне задом, я голду забыл взять. :) ",
                    "У меня сегодня заряжающий  бухает! Паршивец, голду всем красным раздает!",
                    "Нубил, нублю и буду нубов бить и дальше!",
                    "Я ненадолго, на пару фрагов. И пойду с жены звезду снимать! :)"
                ]
            },
            {
                "title": "Тролл-ОТВЕТЫ",
                "icon": "Attack",
                "text": "{randPart}",
                "chatMode": "All",
                "hotKey": ["KEY_I"],
                "sequentChoice": true,
                "variants": [
                    "Нубам слова не давали!",
                    "Малыш, расслабся, не пыхти )) ",
                    "В монитор слюной не брызгай, замкнет! А папа новый больше не купит!",
                    "Приходи, я тебе БАРБАРИСКУ за щеку дам ))",
                    "...Сказало днище",
                    "Дуло залепи, НУП !",
                    "Убейся АП стол, нуб!",
                    "Ты заблуждаешься настолько глубоко, что заблуждаешься даже насчёт глубины своего заблуждения.",
                    "Ты думал щас ты каак скажешь, будет много крутых комментариев, все тебя будут хвалить и ты забудешь как тебя в школе обижают?",
                    "Ух ты! А РАК писать клешнёй умеет!"
                ]
            },
            {
                "title": "Перезаряжаюсь!",
                "icon": "Reload",
                "command": "RELOADINGGUN",
                "chatMode": "Team",
                "hotKey": ["KEY_F8"]
            },
            {
                "title": "Свелся- светаните!",
                "icon": "AttackSPG",
                "text": "Заряжен, свелся на квадрат {viewPos}, Дайте свет!",
                "chatMode": "Team",
                "ping": "{viewPos}"
            },
            {
                "title": "Прикройте!",
                "icon": "Helpme",
                "command": "HELPME",
                "text": "Прикройте, а то останетесь без арты!",
                "ping": "{ownPos}",
                "chatMode": "Team"
            }
        ],
        "ally": [
            {
                "title": "Атакуй, я прикрою!",
                "icon": "Followme",
                "text": "{name} Заряжен, свелся. Подсвети, я накину!",
                "chatMode": "Team"
            },
            {
                "title": "Светани и назад",
                "icon": "Turnback",
                "text": "{name} Заряжен, свелся. Светани и назад, сам ему накину!",
                "chatMode": "Team"
            },
            {
                "title": "Добей!",
                "icon": "Support",
                "text": "{name} Сейчас кину, добей его!",
                "chatMode": "Team"
            },
            {
                "title": "Отъедь, ты мешаешь!",
                "icon": "Turnback",
                "command": "TURNBACK",
                "text": "{name} Отъедь, ты мешаешь! Могу тебя зацепить! ",
                "chatMode": "Team"
            },
            {
                "title": "Не лезь!",
                "icon": "Turnback",
                "text": "{name} Назад, не лезь! Там не достану.",
                "chatMode": "Team"
            },
            {
                "title": "Прикрой!",
                "icon": "Helpme",
                "text": "{name} Ты еще за меня спрячся",
                "chatMode": "Team"
            }
        ],
        "enemy": [
            {
                "title": "Тролл-БЕГУЩИМ",
                "icon": "Yes",
                "text": "{name} {randPart}",
                "chatMode": "All",
                "hotKey": ["KEY_L"],
                "sequentChoice": true,
                "variants": [
                    "Стой смирно! Уважай труд моего наводчика!",
                    "Бежишь не как олень, а как лань прямо:)",
                    "Куда спешишь, псих?",
                    "Двигайся, двигайся- вдруг не попаду! ;)",
                    "Не дергайся, я на тебе стату поднимаю. ;)"
                ]
            },
            {
                "title": "Тролл-ЛИЧКА",
                "icon": "Yes",
                "text": "{name} {randPart}",
                "chatMode": "All",
                "hotKey": ["KEY_K"],
                "sequentChoice": true,
                "variants": [
                    "Олень, это ты в реплеях про нубов снимаешься? ;)",
                    "У тебя 2,15 секунды закопаться- фугас в полете! :) :) :)",
                    "Ты почему такой трус, ты же НУБ? :)",
                    "Не вздумай слиться- ты мне для медальки нужен! ;)",
                    "Смотри в мою сторону, когда я с тобой разговариваю!",
                    "Стой смирно, я тебе в люк закину!",
                    "У тебя на броне муха. Стой, смирно- я ее сшибу! :)",
                    "Закрой люк, фугас прилетит !",
                    "Мой пламенный привет в твой чугунный башка",
                    "Тебе мехвода вынести? ;)",
                    "У тебя гусянки крепкие? А ремкомплект остался?",
                    "Ты че, компас- че дулом так крутишь?",
                    "Не спеши сливаться, дай посмаковать. :)",
                    "Не дергайся, я на тебе стату поднимаю. ;)",
                    "Не ори, арта тебе не поможет!",
                    "Отверни чуть башню, я тебе подзатыльник влеплю.",
                    "По стате ты вроде ПАПИК, а по игре- сынишка...ссыкунишка!"
                ]
            },
            {
                "title": "Тролл-МЕРТВЫМ",
                "icon": "Yes",
                "text": "{name} {randPart}",
                "chatMode": "All",
                "hotKey": ["KEY_J"],
                "sequentChoice": true,
                "variants": [
                    "Можешь начинать писать, какая я су.а",
                    "Спасибо тебе за мою стату!",
                    "Иди в ангар и подумай, над своим поведением!",
                    "Ты лучший нуб, которого я грохнул!",
                    "Прости братишь, обстоятельства...)))",
                    "Не иди в ангар, ругай свою арту! :)"
                ]
            },
            {
                "title": "Добейте его!",
                "icon": "Support",
                "text": "Добейте {name} ({vehicle}) !",
                "chatMode": "Team"
            },
            {
                "title": "Фокусим",
                "icon": "Support",
                "command": "SUPPORTMEWITHFIRE",
                "text": "Добейте его ({vehicle})! ",
                "chatMode": "Team",
                "hotKey": ["KEY_T"]
            },
            {
                "title": "Убью сам!",
                "icon": "Attack",
                "text": "Убью сам, не трогать {name} ({vehicle}) !",
                "chatMode": "Team"
            }
        ]
    },
    "Map_default": {
        "default": [
            {
                "title": "Я на гусле, Прикройте!",
                "icon": "Support",
                "text": "Я на гусле, Прикройте!",
                "chatMode": "Team",
                "ping": "{ownPos}"
            },
            {
                "title": "У них светят в квадрате --",
                "icon": "Reload",
                "text": "У них светят в квадрате {ownPos}",
                "chatMode": "Team"
            },
            {
                "title": "Стоим, сами приедут",
                "icon": "Stop",
                "text": "Стоим, сами приедут!",
                "chatMode": "Team",
                "ping": "{ownPos}"
            },
            {
                "title": "Не лезем, Дефим!",
                "icon": "Stop",
                "text": "Не лезем, Дефим!",
                "chatMode": "Team"
            },
            {
                "title": "Быстро, Все на захват!",
                "icon": "Backtobase",
                "text": "Быстро, Все на захват!",
                "chatMode": "Team"
            },
            {
                "title": "В атаку!",
                "icon": "Attack",
                "text": "В атаку!",
                "chatMode": "Team"
            }
        ]
    },
    "hotkeyOnly": [
        {
            "title": "Всем спасибо! Отличный бой!",
            "icon": "Attack",
            "text": "Всем спасибо! Отличный бой!",
            "chatMode": "Team",
            "hotKey": ["KEY_Z", "KEY_1"]
        },
        {
            "title": "Блин, прости!",
            "icon": "Attack",
            "text": "Блин, прости!",
            "chatMode": "Team",
            "hotKey": ["KEY_Z", "KEY_2"]
        },
        {
            "title": "Снаряды кончились :(",
            "icon": "Attack",
            "text": "Снаряды кончились :(",
            "chatMode": "Team",
            "hotKey": ["KEY_Z", "KEY_3"]
        },
        {
            "title": "Я дно",
            "icon": "Attack",
            "text": "Я дно",
            "chatMode": "All",
            "hotKey": ["KEY_Z", "KEY_4"]
        },
        {
            "title": "Я на гору",
            "icon": "Attack",
            "text": "Я на гору",
            "chatMode": "Team",
            "hotKey": ["KEY_Z", "KEY_5"]
        },
        {
            "title": "Ну вашу мать А!",
            "icon": "Attack",
            "text": "Ну вашу мать А!",
            "chatMode": "Team",
            "hotKey": ["KEY_Z", "KEY_6"]
        },
        {
            "title": "У нас команда оленей!",
            "icon": "Attack",
            "text": "У нас команда оленей!",
            "chatMode": "All",
            "hotKey": ["KEY_Z", "KEY_7"]
        },
        {
            "title": "Перезаряжаюсь!",
            "icon": "Reload",
            "command": "RELOADINGGUN",
            "chatMode": "Team",
            "hotKey": ["KEY_C"]
        }
    ]
}