﻿{
    "default": {
        "default": [
            {
                "title": "В атаку!",
                "icon": "Attack",
                "command": "ATTACK",
                "text": "В атаку, парни!",
                "chatMode": "Team"
            },
            {
                "title": "Свет!",
                "icon": "Helpme",
                "text": "Светаните аккуратно, пожалуйста, помогу!",
                "chatMode": "Team",
                "ping": "{ownPos}"
            },
            {
                "title": "Перезаряжаюсь!",
                "icon": "Reload",
                "command": "RELOADINGGUN",
                "chatMode": "Team"
            },
            {
                "title": "Назад!",
                "text": "Назад, не лезьте!",
                "chatMode": "Team"
            },
            {
                "title": "Уйдите с захвата!",
                "icon": "No",
                "text": "Уйдите с захвата, давайте добьем! Пожалуйста:)",
                "chatMode": "Team"
            },
            {
                "title": "Спасибо! :) ",
                "icon": "Yes",
                "text": "Спасибо! :) ",
                "chatMode": "Team"
            }
        ],
        "ally": [
            {
                "title": "Подсвети, я прикрою!",
                "icon": "Attack",
                "text": "{name} Подсвети, я прикрою!",
                "chatMode": "Team"
            },
            {
                "title": "Назад!",
                "icon": "Turnback",
                "command": "TURNBACK",
                "text": "{name} назад, не лезь, вытягивай на прострел!",
                "chatMode": "Team"
            },
            {
                "title": "Свет!",
                "icon": "Attack",
                "text": "{name} подсвети в {ownPos}, я его пригрею!",
                "chatMode": "Team"
            },
            {
                "title": "Поддержи огнем!",
                "icon": "Support",
                "text": "{name} Поддержи огнем!",
                "chatMode": "Team"
            },
            {
                "title": "Вперед, Атакуем вместе!",
                "icon": "Followme",
                "text": "{name} Вперед, Атакуем вместе!",
                "chatMode": "Team"
            },
            {
                "title": "Не подпирай!",
                "icon": "Stop",
                "text": "{name} Не подпирай!",
                "chatMode": "Team"
            }
        ],
        "enemy": [
            {
                "title": "Фокус!",
                "icon": "Attack",
                "text": "Фокус по {vehicle}, ({name})!",
                "chatMode": "Team"
            },
            {
                "title": "Ты просто дно! (разное)",
                "icon": "Yes",
                "text": "{name} {randPart}",
                "chatMode": "All",
                "variants": [
                    "Ты просто дно!",
                    "Ну ты и криворукий!",
                    "Тебе клешни ездить не мешают?"
                ]
            },
            {
                "title": "Отправляйся в ангар! (разное)",
                "icon": "Yes",
                "text": "{name} {randPart}",
                "chatMode": "All",
                "variants": [
                    "Отправляйся в Ангар!",
                    "Готовь саркофаг!",
                    "Тебе кранты!"
                ]
            },
            {
                "title": "Добейте его!",
                "icon": "Support",
                "text": "Добейте {name} ({vehicle}) !",
                "chatMode": "Team"
            },
            {
                "title": "Загуслил его, Поддержите огнём! ",
                "icon": "Support",
                "text": "Загуслил ({vehicle}) Поддержите огнём!",
                "chatMode": "Team"
            },
            {
                "title": "Стой, от меня не уйдёшь!",
                "icon": "Attack",
                "text": "{name} Стой, от меня не уйдёшь!",
                "chatMode": "All"
            }
        ]
    },
    "SPG": {
        "default": [
            {
                "title": "Свелся на -- Дайте свет!",
                "icon": "AttackSPG",
                "text": "Свелся на квадрат {viewPos}, Дайте свет!",
                "chatMode": "Team",
                "ping": "{viewPos}"
            },
            {
                "title": "В атаку!",
                "icon": "Attack",
                "command": "ATTACK",
                "text": "В атаку, парни!",
                "chatMode": "Team"
            },
            {
                "title": "Перезаряжаюсь!",
                "icon": "Reload",
                "command": "RELOADINGGUN",
                "chatMode": "Team"
            },
            {
                "title": "Подождите, перееду!",
                "icon": "Stop",
                "text": "Подождите, перееду!",
                "chatMode": "Team"
            },
            {
                "title": "Назад!",
                "icon": "Attack",
                "text": "Назад, не лезьте!",
                "chatMode": "Team"
            },
            {
                "title": "Фокус по --!",
                "icon": "Attack",
                "text": "Все огонь по {vehicle}, ({name})!",
                "chatMode": "Team"
            }
        ],
        "ally": [
            {
                "title": "Подсвети, я прикрою!",
                "icon": "Attack",
                "text": "{name} Подсвети, я прикрою!",
                "chatMode": "Team"
            },
            {
                "title": "Поддержи огнем!",
                "icon": "Support",
                "text": "{name} Поддержи огнем!",
                "chatMode": "Team"
            },
            {
                "title": "Назад!",
                "icon": "Helpmeex",
                "text": "{name} назад, не лезь! На прострел вытягивай.",
                "chatMode": "Team"
            },
            {
                "title": "Стой на месте!",
                "icon": "Stop",
                "text": "{name} стой на месте, боюсь задеть!",
                "chatMode": "Team"
            },
            {
                "title": "Вперед, Атакуем вместе!",
                "icon": "Followme",
                "text": "{name} Вперед, Атакуем вместе!",
                "chatMode": "Team"
            },
            {
                "title": "Не подпирай!",
                "icon": "Stop",
                "text": "{name} Не подпирай!",
                "chatMode": "Team"
            }
        ],
        "enemy": [
            {
                "title": "Фокус!",
                "icon": "Attack",
                "text": "Фокус по {vehicle}, ({name})!",
                "chatMode": "Team"
            },
            {
                "title": "Ты просто дно! (разное)",
                "icon": "Yes",
                "text": "{name} {randPart}",
                "chatMode": "All",
                "variants": [
                    "Ты просто дно!",
                    "Ну ты и криворукий!",
                    "Тебе клешни ездить не мешают?"
                ]
            },
            {
                "title": "Отправляйся в ангар! (разное)",
                "icon": "Yes",
                "text": "{name} {randPart}",
                "chatMode": "All",
                "variants": [
                    "Отправляйся в Ангар!",
                    "Готовь саркофаг!",
                    "Тебе кранты!"
                ]
            },
            {
                "title": "Добейте его!",
                "icon": "Support",
                "text": "Добейте {name} ({vehicle}) !",
                "chatMode": "Team"
            },
            {
                "title": "Загуслил его, Поддержите огнём! ",
                "icon": "Support",
                "text": "Загуслил ({vehicle}) Поддержите огнём!",
                "chatMode": "Team"
            },
            {
                "title": "Стой, от меня не уйдёшь!",
                "icon": "Attack",
                "text": "{name} Стой, от меня не уйдёшь!",
                "chatMode": "All"
            }
        ]
    },
    "Map_default": {
        "default": [
            {
                "title": "Я на гусле, Прикройте!",
                "icon": "Support",
                "text": "Я на гусле, Прикройте!",
                "chatMode": "Team",
                "ping": "{ownPos}"
            },
            {
                "title": "У них светят в квадрате --",
                "icon": "Reload",
                "text": "У них светят в квадрате {ownPos}",
                "chatMode": "Team"
            },
            {
                "title": "Стоим, сами приедут",
                "icon": "Stop",
                "text": "Стоим, сами приедут!",
                "chatMode": "Team",
                "ping": "{ownPos}"
            },
            {
                "title": "Не лезем, Дефим!",
                "icon": "Stop",
                "text": "Не лезем, Дефим!",
                "chatMode": "Team"
            },
            {
                "title": "Быстро, Все на захват!",
                "icon": "Backtobase",
                "text": "Быстро, Все на захват!",
                "chatMode": "Team"
            },
            {
                "title": "В атаку!",
                "icon": "Attack",
                "text": "В атаку!",
                "chatMode": "Team"
            }
        ]
    },
    "hotkeyOnly": [
        {
            "title": "Я на гусле, Прикройте!",
            "icon": "Support",
            "text": "Я на гусле, Прикройте!",
            "chatMode": "Team",
            "ping": "{ownPos}"
        },
        {
            "title": "У них светят в квадрате --",
            "icon": "Reload",
            "text": "У них светят в квадрате {ownPos}",
            "chatMode": "Team"
        },
        {
            "title": "Стоим, сами приедут",
            "icon": "Stop",
            "text": "Стоим, сами приедут!",
            "chatMode": "Team",
            "ping": "{ownPos}"
        },
        {
            "title": "Не лезем, Дефим!",
            "icon": "Stop",
            "text": "Не лезем, Дефим!",
            "chatMode": "Team"
        },
        {
            "title": "Быстро, Все на захват!",
            "icon": "Backtobase",
            "text": "Быстро, Все на захват!",
            "chatMode": "Team"
        },
        {
            "title": "В атаку!",
            "icon": "Attack",
            "text": "В атаку!",
            "chatMode": "Team"
        },
        {
            "title": "Всем спасибо! Отличный бой!",
            "icon": "Attack",
            "text": "Всем спасибо! Отличный бой!",
            "chatMode": "Team"
        },
        {
            "title": "Блин, прости!",
            "icon": "Attack",
            "text": "Блин, прости!",
            "chatMode": "Team"
        },
        {
            "title": "Снаряды кончились :(",
            "icon": "Attack",
            "text": "Снаряды кончились :(",
            "chatMode": "Team"
        },
        {
            "title": "Я дно",
            "icon": "Attack",
            "text": "Я дно",
            "chatMode": "All"
        },
        {
            "title": "Я на гору",
            "icon": "Attack",
            "text": "Я на гору",
            "chatMode": "Team"
        },
        {
            "title": "Ну вашу мать А!",
            "icon": "Attack",
            "text": "Ну вашу мать А!",
            "chatMode": "Team"
        },
        {
            "title": "У нас команда оленей!",
            "icon": "Attack",
            "text": "У нас команда оленей!",
            "chatMode": "All"
        }
    ]
}