﻿{
    "default": {
        "default": [
            {
                "title": "Никак нет!",
                "icon": "No",
                "command": "NEGATIVE",
                "text": "",
                "chatMode": "Team"
            },
            {
                "title": "Стоим!",
                "icon": "Stop",
                "text": "{randPart}",
                "chatMode": "Team",
                "variants": [
                    "Стоим, сами приедут.",
                    "Не лезем, дефим!",
                    "Стоим и держим оборону!"
                ]
            },
            {
                "title": "Перезаряжаюсь!",
                "icon": "Reload",
                "command": "RELOADINGGUN",
                "chatMode": "Team",
                "hotKey": ["KEY_C"]
            },
            {
                "title": "Нужна помощь!",
                "icon": "Helpme",
                "command": "HELPME",
                "text": "",
                "chatMode": "Team"
            },
            {
                "title": "В атаку!",
                "icon": "Attack",
                "text": "{randPart}",
                "chatMode": "Team",
                "variants": [
                    "Все в атаку!",
                    "Погнали в раш!",
                    "Вперёд к победе!"
                ]
            },
            {
                "title": "Так точно!",
                "icon": "Yes",
                "command": "POSITIVE",
                "text": "",
                "chatMode": "Team"
            }
        ],
        "ally": [
            {
                "title": "Прости!",
                "icon": "Yes",
                "text": "{name}, {randPart} ",
                "chatMode": "Team",
                "variants": [
                    "прости, случайно вышло.",
                    "сорри, не со зла.",
                    "извини, не хотел."
                ]
            },
            {
                "title": "Стой!",
                "icon": "Stop",
                "text": "{name}, {randPart} ",
                "chatMode": "Team",
                "variants": [
                    "постой, не спеши умирать!",
                    "притормози, сами приедут!",
                    "не торопись, постой!"
                ]
            },
            {
                "title": "Назад!",
                "icon": "Turnback",
                "text": "{name}, назад.",
                "chatMode": "Team"
            },
            {
                "title": "Помоги!",
                "icon": "Helpme",
                "text": "{name}, {randPart} ",
                "chatMode": "Team",
                "variants": ["помоги мне!", "требуется помощь!", "выручай!"]
            },
            {
                "title": "Подсвети!",
                "icon": "Attack",
                "text": "{name}, {randPart} ",
                "chatMode": "Team",
                "variants": [
                    "подсвети, я прикрою!",
                    "выгляни, поищи врагов!",
                    "дай свет!"
                ]
            },
            {
                "title": "Спасибо!",
                "icon": "Yes",
                "text": "{name}, {randPart} ;)",
                "chatMode": "Team",
                "variants": [
                    "спасибо за помощь!",
                    "благодарю, выручил!",
                    "респект, танкист!"
                ]
            }
        ],
        "enemy": [
            {
                "title": "Получи!",
                "icon": "Yes",
                "text": "{name}, {randPart} ",
                "chatMode": "All",
                "variants": [
                    "сопротивляешься ты фигово.",
                    "станешь лёгким фрагом!",
                    "противник из тебя так себе.",
                    "кажется, у тебя было больше HP.",
                    "ещё немного, и ты закончишься.",
                    "вкусненько. Ещё хочу!",
                    "ты всё ещё жив? Исправим!"
                ]
            },
            {
                "title": "Не уйдёшь!",
                "icon": "Stop",
                "text": "{name}, {randPart} ",
                "chatMode": "All",
                "variants": [
                    "не уйдёшь!",
                    "постой, не убегай!",
                    "догоню и накажу!"
                ]
            },
            {
                "title": "Отправляйся в ангар!",
                "icon": "Turnback",
                "text": "{name}, {randPart} ",
                "chatMode": "All",
                "variants": [
                    "отправляйся в ангар!",
                    "с тобой закончили. Следующий!",
                    "с глаз долой - из боя вон!",
                    "может, в следующем бою ты отыграешь лучше?",
                    "одним раком в бою стало меньше.",
                    "уже закончился? Ну ок, поищем другого.",
                    "посылка доставлена, отправитель доволен."
                ]
            },
            {
                "title": "Помогите с танком!",
                "icon": "Helpme",
                "text": "Помогите мне с {name} ({vehicle}) !",
                "chatMode": "Team"
            },
            {
                "title": "Поддержите огнём!",
                "icon": "Support",
                "text": "Поддержите огнём по ({vehicle}) !",
                "chatMode": "Team"
            },
            {
                "title": "Респект!",
                "icon": "Yes",
                "text": "{name}, {randPart} ;)",
                "chatMode": "All",
                "variants": [
                    "определённо классная игра!",
                    "эх... Тебя бы к нам в команду!",
                    "респект, танкист!"
                ]
            }
        ]
    },
    "SPG": {
        "default": [
            {
                "title": "Никак нет!",
                "icon": "No",
                "command": "NEGATIVE",
                "text": "",
                "chatMode": "Team"
            },
            {
                "title": "Стойте!",
                "icon": "Stop",
                "text": "{randPart}",
                "chatMode": "Team",
                "variants": [
                    "Стойте, только подсвет!",
                    "Не лезьте, вытягивайте под арту!",
                    "Стойте и держите оборону, поддержу!"
                ]
            },
            {
                "title": "Перезаряжаюсь!",
                "icon": "Reload",
                "command": "RELOADINGGUN",
                "chatMode": "Team",
                "hotKey": ["KEY_C"]
            },
            {
                "title": "Нужна помощь!",
                "icon": "Helpme",
                "command": "HELPME",
                "text": "",
                "chatMode": "Team"
            },
            {
                "title": "В атаку!",
                "icon": "Attack",
                "text": "{randPart}",
                "chatMode": "Team",
                "variants": [
                    "Все в атаку, прикрою!",
                    "Едьте в раш, помогу!",
                    "Вперёд к победе, поддержу!"
                ]
            },
            {
                "title": "Так точно!",
                "icon": "Yes",
                "command": "POSITIVE",
                "text": "",
                "chatMode": "Team"
            }
        ],
        "ally": [
            {
                "title": "Прости!",
                "icon": "Yes",
                "text": "{name}, {randPart} ",
                "chatMode": "Team",
                "variants": [
                    "прости, случайно вышло.",
                    "сорри, не со зла.",
                    "извини, не хотел."
                ]
            },
            {
                "title": "Стой!",
                "icon": "Stop",
                "text": "{name}, {randPart} ",
                "chatMode": "Team",
                "variants": [
                    "постой, не спеши умирать!",
                    "притормози, сами приедут!",
                    "не торопись, постой!"
                ]
            },
            {
                "title": "Назад!",
                "icon": "Turnback",
                "text": "{name}, назад.",
                "chatMode": "Team"
            },
            {
                "title": "Помоги!",
                "icon": "Helpme",
                "text": "{name}, {randPart} ",
                "chatMode": "Team",
                "variants": ["помоги мне!", "требуется помощь!", "выручай!"]
            },
            {
                "title": "Подсвети!",
                "icon": "Attack",
                "text": "{name}, {randPart} ",
                "chatMode": "Team",
                "variants": [
                    "подсвети, я прикрою!",
                    "выгляни, поищи врагов!",
                    "дай свет!"
                ]
            },
            {
                "title": "Спасибо!",
                "icon": "Yes",
                "text": "{name}, {randPart} ;)",
                "chatMode": "Team",
                "variants": [
                    "спасибо за помощь!",
                    "благодарю, выручил!",
                    "респект, танкист!"
                ]
            }
        ],
        "enemy": [
            {
                "title": "Получи чемодан!",
                "icon": "Yes",
                "text": "{name}, {randPart} ",
                "chatMode": "All",
                "variants": [
                    "чемодан прибыл, жди следующий.",
                    "станешь лёгким фрагом!",
                    "как тебе посылочка?",
                    "кажется, кто-то забыл зонтик!",
                    "ещё немного, и ты закончишься.",
                    "вкусненько. Ещё хочу!",
                    "ты всё ещё жив? Исправим!"
                ]
            },
            {
                "title": "Не уйдёшь!",
                "icon": "Stop",
                "text": "{name}, {randPart} ",
                "chatMode": "All",
                "variants": [
                    "от правосудия не уйдёшь!",
                    "постой, не убегай!",
                    "чемодан всё равно тебя догонит!"
                ]
            },
            {
                "title": "Отправляйся в ангар!",
                "icon": "Turnback",
                "text": "{name}, {randPart} ",
                "chatMode": "All",
                "variants": [
                    "отправляйся в ангар!",
                    "с тобой закончили. Следующий!",
                    "с глаз долой - из боя вон!",
                    "может, в следующем бою ты отыграешь лучше?",
                    "одним раком в бою стало меньше.",
                    "уже закончился? Ну ок, поищем другого.",
                    "посылка доставлена, отправитель доволен."
                ]
            },
            {
                "title": "Помогу с танком!",
                "icon": "Support",
                "text": "Гуслите, помогу с {name} ({vehicle}) !",
                "chatMode": "Team"
            },
            {
                "title": "Атакую!",
                "icon": "Attack",
                "text": "Атакую ({vehicle}) !",
                "chatMode": "Team"
            },
            {
                "title": "Респект!",
                "icon": "Yes",
                "text": "{name}, {randPart} ;)",
                "chatMode": "All",
                "variants": [
                    "определённо классная игра!",
                    "эх... Тебя бы к нам в команду!",
                    "респект, танкист!"
                ]
            }
        ]
    },
    "lightTank": {
        "default": [
            {
                "title": "Никак нет!",
                "icon": "No",
                "command": "NEGATIVE",
                "text": "",
                "chatMode": "Team"
            },
            {
                "title": "Стойте!",
                "icon": "Stop",
                "text": "{randPart}",
                "chatMode": "Team",
                "variants": [
                    "Стойте, сами приедут.",
                    "Не лезьте, а то прилетит!",
                    "Стойте и держите оборону!"
                ]
            },
            {
                "title": "Перезаряжаюсь!",
                "icon": "Reload",
                "command": "RELOADINGGUN",
                "chatMode": "Team",
                "hotKey": ["KEY_C"]
            },
            {
                "title": "Нужна помощь!",
                "icon": "Helpme",
                "command": "HELPME",
                "text": "",
                "chatMode": "Team"
            },
            {
                "title": "Сводитесь!",
                "icon": "Support",
                "text": "{randPart}",
                "chatMode": "Team",
                "variants": [
                    "Сводитесь, я подсвечу!",
                    "Сейчас поищем врагов...",
                    "Дам свет!"
                ],
                "ping": "{ownPos}"
            },
            {
                "title": "Так точно!",
                "icon": "Yes",
                "command": "POSITIVE",
                "text": "",
                "chatMode": "Team"
            }
        ],
        "ally": [
            {
                "title": "Прости!",
                "icon": "Yes",
                "text": "{name}, {randPart} ",
                "chatMode": "Team",
                "variants": [
                    "прости, случайно вышло.",
                    "сорри, не со зла.",
                    "извини, не хотел."
                ]
            },
            {
                "title": "Стой!",
                "icon": "Stop",
                "text": "{name}, {randPart} ",
                "chatMode": "Team",
                "variants": [
                    "постой, не спеши умирать!",
                    "притормози, сами приедут!",
                    "не торопись, постой!"
                ]
            },
            {
                "title": "Назад!",
                "icon": "Turnback",
                "text": "{name}, назад.",
                "chatMode": "Team"
            },
            {
                "title": "Помоги!",
                "icon": "Helpme",
                "text": "{name}, {randPart} ",
                "chatMode": "Team",
                "variants": ["помоги мне!", "требуется помощь!", "выручай!"]
            },
            {
                "title": "Сводись!",
                "icon": "Support",
                "text": "{name}, {randPart}",
                "chatMode": "Team",
                "variants": [
                    "сводись, я подсвечу!",
                    "сейчас поищем врагов...",
                    "дам свет!"
                ],
                "ping": "{ownPos}"
            },
            {
                "title": "Спасибо!",
                "icon": "Yes",
                "text": "{name}, {randPart} ;)",
                "chatMode": "Team",
                "variants": [
                    "спасибо за помощь!",
                    "благодарю, выручил!",
                    "респект, танкист!"
                ]
            }
        ],
        "enemy": [
            {
                "title": "Покоцал?",
                "icon": "Yes",
                "text": "{name}, {randPart} ",
                "chatMode": "All",
                "variants": [
                    "мал, да удал, не правда ли?",
                    "лёгкие танки тоже умеют стрелять!",
                    "да я из тебя решето сделаю!",
                    "не бойся, просто комарик ужалил.",
                    "ещё немного, и ты закончишься.",
                    "вкусненько. Ещё хочу!",
                    "ты всё ещё жив? Исправим!"
                ]
            },
            {
                "title": "Не уйдёшь!",
                "icon": "Stop",
                "text": "{name}, {randPart} ",
                "chatMode": "All",
                "variants": [
                    "от правосудия не уйдёшь!",
                    "постой, не убегай!",
                    "я всё равно тебя догоню!"
                ]
            },
            {
                "title": "Отправляйся в ангар!",
                "icon": "Turnback",
                "text": "{name}, {randPart} ",
                "chatMode": "All",
                "variants": [
                    "отправляйся в ангар!",
                    "с тобой закончили. Следующий!",
                    "с глаз долой - из боя вон!",
                    "может, в следующем бою ты отыграешь лучше?",
                    "одним раком в бою стало меньше.",
                    "уже закончился? Ну ок, поищем другого.",
                    "мал, да удал, не правда ли?"
                ]
            },
            {
                "title": "Помогите с танком!",
                "icon": "Helpme",
                "text": "Помогите мне с {name} ({vehicle}) !",
                "chatMode": "Team"
            },
            {
                "title": "Поддержите огнём!",
                "icon": "Support",
                "text": "Поддержите огнём по ({vehicle}) !",
                "chatMode": "Team"
            },
            {
                "title": "Респект!",
                "icon": "Yes",
                "text": "{name}, {randPart} ",
                "chatMode": "All",
                "variants": [
                    "определённо классная игра!",
                    "эх... Тебя бы к нам в команду!",
                    "респект, танкист!"
                ]
            }
        ]
    },
    "Map_default": {
        "default": [
            {
                "title": "Рачело!",
                "icon": "No",
                "text": "{name} {randPart} ",
                "chatMode": "All",
                "variants": [
                    "У хлебушка и то IQ выше!",
                    "Моя бабушка левой пяткой лучше играет!",
                    "Тип: Членистоногие, Подтип: Ракообразные, Вид: Рак Рандомный (Astacus Randomus).",
                    "Ну не выходит у тебя в танки играть, удали клиент!",
                    "И чё мне так везёт на дебилов?!",
                    "Знаешь, чем ты хуже бота? Бот хотя бы не мешает своей команде намеренно.",
                    "Мсье, да вы, я погляжу, с мозгом с детства не дружите?"
                ],
                "hotKey": ["KEY_F10"]
            },
            {
                "title": "На сбитие!",
                "icon": "Backtobase",
                "text": "{randPart}",
                "chatMode": "Team",
                "variants": [
                    "Защищайте базу, иначе просрём!",
                    "Быстро все на оборону базы!",
                    "Проигрывать по захвату - позор. На оборону!"
                ],
                "hotKey": ["KEY_F11"]
            },
            {
                "title": "Тут враг!",
                "icon": "Support",
                "text": "В этом квадрате определённо кто-то есть!",
                "chatMode": "Team",
                "hotKey": ["KEY_F12"]
            },
            {
                "title": "Подсветите квадрат.",
                "icon": "Attack",
                "text": "Подсветите {viewPos}",
                "chatMode": "Team",
                "hotKey": ["KEY_F9"]
            },
            {
                "title": "На захват!",
                "icon": "Backtobase",
                "text": "{randPart}",
                "chatMode": "Team",
                "variants": [
                    "Быстро, все на захват!",
                    "Захватывайте базу, иначе просрём!",
                    "Необходимо немедленно встать на захват!"
                ],
                "hotKey": ["KEY_F3"]
            },
            {
                "title": "Молодец!",
                "icon": "Yes",
                "text": "{name} {randPart} ;)",
                "chatMode": "Team",
                "variants": [
                    "Танкист, ты крут!",
                    "Молодчик!",
                    "Классно отыграл!",
                    "Мсье, да вы весьма неплохи!",
                    "Боец, ты великолепен!",
                    "Ну хоть кто-то умеет тащить. Молодец!",
                    "Грамотно действуете, товарищ танкист!"
                ],
                "hotKey": ["KEY_F2"]
            }
        ]
    },
    "hotkeyOnly": [
        {
            "title": "Рачело!",
            "icon": "No",
            "text": "{name} {randPart} ",
            "chatMode": "All",
            "variants": [
                "У хлебушка и то IQ выше!",
                "Моя бабушка левой пяткой лучше играет!",
                "Тип: Членистоногие, Подтип: Ракообразные, Вид: Рак Рандомный (Astacus Randomus).",
                "Ну не выходит у тебя в танки играть, удали клиент!",
                "И чё мне так везёт на дебилов?!",
                "Знаешь, чем ты хуже бота? Бот хотя бы не мешает своей команде намеренно.",
                "Мсье, да вы, я погляжу, с мозгом с детства не дружите?"
            ],
            "hotKey": ["KEY_F10"]
        },
        {
            "title": "На сбитие!",
            "icon": "Backtobase",
            "text": "{randPart}",
            "chatMode": "Team",
            "variants": [
                "Защищайте базу, иначе просрём!",
                "Быстро все на оборону базы!",
                "Проигрывать по захвату - позор. На оборону!"
            ],
            "hotKey": ["KEY_F11"]
        },
        {
            "title": "Тут враг!",
            "icon": "Support",
            "text": "В этом квадрате определённо кто-то есть!",
            "chatMode": "Team",
            "hotKey": ["KEY_F12"]
        },
        {
            "title": "Подсветите квадрат.",
            "icon": "Attack",
            "text": "Подсветите {viewPos}",
            "chatMode": "Team",
            "hotKey": ["KEY_F9"]
        },
        {
            "title": "На захват!",
            "icon": "Backtobase",
            "text": "{randPart}",
            "chatMode": "Team",
            "variants": [
                "Быстро, все на захват!",
                "Захватывайте базу, иначе просрём!",
                "Необходимо немедленно встать на захват!"
            ],
            "hotKey": ["KEY_F3"]
        },
        {
            "title": "Молодец!",
            "icon": "Yes",
            "text": "{name} {randPart} ;)",
            "chatMode": "Team",
            "variants": [
                "Танкист, ты крут!",
                "Молодчик!",
                "Классно отыграл!",
                "Мсье, да вы весьма неплохи!",
                "Боец, ты великолепен!",
                "Ну хоть кто-то умеет тащить. Молодец!",
                "Грамотно действуете, товарищ танкист!"
            ],
            "hotKey": ["KEY_F2"]
        },
        {
            "title": "Всем спасибо! Отличный бой!",
            "icon": "Attack",
            "text": "Всем спасибо! Отличный бой! :)",
            "chatMode": "All",
            "hotKey": ["KEY_Z", "KEY_1"]
        },
        {
            "title": "Очередное унылое стоялово!",
            "icon": "Reload",
            "text": "Очередное унылое стоялово! :(",
            "chatMode": "All",
            "hotKey": ["KEY_Z", "KEY_2"]
        },
        {
            "title": "Снаряды кончились!",
            "icon": "No",
            "text": "Снаряды кончились! :(",
            "chatMode": "Team",
            "hotKey": ["KEY_Z", "KEY_3"]
        },
        {
            "title": "Я на гусле!",
            "icon": "Helpme",
            "text": "Я на гусле, помогите!",
            "chatMode": "Team",
            "hotKey": ["KEY_Z", "KEY_4"]
        },
        {
            "title": "Харэ флудить!",
            "icon": "Stop",
            "text": "Харэ флудить, играйте!",
            "chatMode": "All",
            "hotKey": ["KEY_Z", "KEY_5"]
        },
        {
            "title": "Потушите ему пукан!",
            "icon": "Attack",
            "text": "Кто-нибудь, потушите скорее ему пукан!",
            "chatMode": "All",
            "hotKey": ["KEY_Z", "KEY_6"]
        },
        {
            "title": "Минутка баянов!",
            "icon": "Yes",
            "text": "Привет, танкисты! Всем хорошего боя!",
            "chatMode": "All",
            "hotKey": ["KEY_Z", "KEY_7"]
        }
    ]
}