﻿{
//  Глобальный триггер.
    "enabled": true,
//  задержка между отправкой сообщения в чат (в мс)
    "chatDelay": 550,
//  задержка между нажатием хоткея и отправкой команды в чат, а также между хоткеями (в мс)
    "hotDelay": 350,
//  клавиша для отображения альтернативного меню (специфического для карты)
    "mapMenu_Key": [["KEY_LALT", "KEY_RALT"]],
//  выбранный скин. По умолчанию - мой ^_^
    "selectedConfig": 13
}